year,round,race_name,circuit,date,driver,driver_name,team,grid_position,finish_position,points,status,laps_completed,fastest_lap_rank
2024,1,Bahrain Grand Prix,Bahrain International Circuit,2024-03-02,VER,Max Verstappen,Red Bull,1,1,26.0,Finished,57,1
2024,1,Bahrain Grand Prix,Bahrain International Circuit,2024-03-02,PER,Sergio Pérez,Red Bull,5,2,18.0,Finished,57,4
2024,1,Bahrain Grand Prix,Bahrain International Circuit,2024-03-02,SAI,Carlos Sainz,Ferrari,4,3,15.0,Finished,57,6
2024,1,Bahrain Grand Prix,Bahrain International Circuit,2024-03-02,LEC,Charles Leclerc,Ferrari,2,4,12.0,Finished,57,2
2024,1,Bahrain Grand Prix,Bahrain International Circuit,2024-03-02,RUS,George Russell,Mercedes,3,5,10.0,Finished,57,12
2024,1,Bahrain Grand Prix,Bahrain International Circuit,2024-03-02,NOR,Lando Norris,McLaren,7,6,8.0,Finished,57,5
2024,1,Bahrain Grand Prix,Bahrain International Circuit,2024-03-02,HAM,Lewis Hamilton,Mercedes,9,7,6.0,Finished,57,7
2024,1,Bahrain Grand Prix,Bahrain International Circuit,2024-03-02,PIA,Oscar Piastri,McLaren,8,8,4.0,Finished,57,11
2024,1,Bahrain Grand Prix,Bahrain International Circuit,2024-03-02,ALO,Fernando Alonso,Aston Martin,6,9,2.0,Finished,57,3
2024,1,Bahrain Grand Prix,Bahrain International Circuit,2024-03-02,STR,Lance Stroll,Aston Martin,12,10,1.0,Finished,57,16
2024,1,Bahrain Grand Prix,Bahrain International Circuit,2024-03-02,ZHO,Guanyu Zhou,Sauber,17,11,0.0,Lapped,56,14
2024,1,Bahrain Grand Prix,Bahrain International Circuit,2024-03-02,MAG,Kevin Magnussen,Haas F1 Team,15,12,0.0,Lapped,56,15
2024,1,Bahrain Grand Prix,Bahrain International Circuit,2024-03-02,RIC,Daniel Ricciardo,RB F1 Team,14,13,0.0,Lapped,56,13
2024,1,Bahrain Grand Prix,Bahrain International Circuit,2024-03-02,TSU,Yuki Tsunoda,RB F1 Team,11,14,0.0,Lapped,56,18
2024,1,Bahrain Grand Prix,Bahrain International Circuit,2024-03-02,ALB,Alexander Albon,Williams,13,15,0.0,Lapped,56,17
2024,1,Bahrain Grand Prix,Bahrain International Circuit,2024-03-02,HUL,Nico Hülkenberg,Haas F1 Team,10,16,0.0,Lapped,56,10
2024,1,Bahrain Grand Prix,Bahrain International Circuit,2024-03-02,OCO,Esteban Ocon,Alpine F1 Team,19,17,0.0,Lapped,56,20
2024,1,Bahrain Grand Prix,Bahrain International Circuit,2024-03-02,GAS,Pierre Gasly,Alpine F1 Team,20,18,0.0,Lapped,56,9
2024,1,Bahrain Grand Prix,Bahrain International Circuit,2024-03-02,BOT,Valtteri Bottas,Sauber,16,19,0.0,Lapped,56,19
2024,1,Bahrain Grand Prix,Bahrain International Circuit,2024-03-02,SAR,Logan Sargeant,Williams,18,20,0.0,Lapped,55,8
2024,2,Saudi Arabian Grand Prix,Jeddah Corniche Circuit,2024-03-09,VER,Max Verstappen,Red Bull,1,1,25.0,Finished,50,3
2024,2,Saudi Arabian Grand Prix,Jeddah Corniche Circuit,2024-03-09,PER,Sergio Pérez,Red Bull,3,2,18.0,Finished,50,8
2024,2,Saudi Arabian Grand Prix,Jeddah Corniche Circuit,2024-03-09,LEC,Charles Leclerc,Ferrari,2,3,16.0,Finished,50,1
2024,2,Saudi Arabian Grand Prix,Jeddah Corniche Circuit,2024-03-09,PIA,Oscar Piastri,McLaren,5,4,12.0,Finished,50,10
2024,2,Saudi Arabian Grand Prix,Jeddah Corniche Circuit,2024-03-09,ALO,Fernando Alonso,Aston Martin,4,5,10.0,Finished,50,13
2024,2,Saudi Arabian Grand Prix,Jeddah Corniche Circuit,2024-03-09,RUS,George Russell,Mercedes,7,6,8.0,Finished,50,7
2024,2,Saudi Arabian Grand Prix,Jeddah Corniche Circuit,2024-03-09,BEA,Oliver Bearman,Ferrari,11,7,6.0,Finished,50,5
2024,2,Saudi Arabian Grand Prix,Jeddah Corniche Circuit,2024-03-09,NOR,Lando Norris,McLaren,6,8,4.0,Finished,50,4
2024,2,Saudi Arabian Grand Prix,Jeddah Corniche Circuit,2024-03-09,HAM,Lewis Hamilton,Mercedes,8,9,2.0,Finished,50,2
2024,2,Saudi Arabian Grand Prix,Jeddah Corniche Circuit,2024-03-09,HUL,Nico Hülkenberg,Haas F1 Team,15,10,1.0,Finished,50,12
2024,2,Saudi Arabian Grand Prix,Jeddah Corniche Circuit,2024-03-09,ALB,Alexander Albon,Williams,12,11,0.0,Finished,50,9
2024,2,Saudi Arabian Grand Prix,Jeddah Corniche Circuit,2024-03-09,MAG,Kevin Magnussen,Haas F1 Team,13,12,0.0,Finished,50,11
2024,2,Saudi Arabian Grand Prix,Jeddah Corniche Circuit,2024-03-09,OCO,Esteban Ocon,Alpine F1 Team,17,13,0.0,Lapped,49,17
2024,2,Saudi Arabian Grand Prix,Jeddah Corniche Circuit,2024-03-09,SAR,Logan Sargeant,Williams,19,14,0.0,Lapped,49,15
2024,2,Saudi Arabian Grand Prix,Jeddah Corniche Circuit,2024-03-09,TSU,Yuki Tsunoda,RB F1 Team,9,15,0.0,Lapped,49,18
2024,2,Saudi Arabian Grand Prix,Jeddah Corniche Circuit,2024-03-09,RIC,Daniel Ricciardo,RB F1 Team,14,16,0.0,Lapped,49,16
2024,2,Saudi Arabian Grand Prix,Jeddah Corniche Circuit,2024-03-09,BOT,Valtteri Bottas,Sauber,16,17,0.0,Lapped,49,14
2024,2,Saudi Arabian Grand Prix,Jeddah Corniche Circuit,2024-03-09,ZHO,Guanyu Zhou,Sauber,20,18,0.0,Lapped,49,6
2024,2,Saudi Arabian Grand Prix,Jeddah Corniche Circuit,2024-03-09,STR,Lance Stroll,Aston Martin,10,19,0.0,Retired,5,19
2024,2,Saudi Arabian Grand Prix,Jeddah Corniche Circuit,2024-03-09,GAS,Pierre Gasly,Alpine F1 Team,18,20,0.0,Retired,1,
2024,3,Australian Grand Prix,Albert Park Grand Prix Circuit,2024-03-24,SAI,Carlos Sainz,Ferrari,2,1,25.0,Finished,58,3
2024,3,Australian Grand Prix,Albert Park Grand Prix Circuit,2024-03-24,LEC,Charles Leclerc,Ferrari,4,2,19.0,Finished,58,1
2024,3,Australian Grand Prix,Albert Park Grand Prix Circuit,2024-03-24,NOR,Lando Norris,McLaren,3,3,15.0,Finished,58,2
2024,3,Australian Grand Prix,Albert Park Grand Prix Circuit,2024-03-24,PIA,Oscar Piastri,McLaren,5,4,12.0,Finished,58,4
2024,3,Australian Grand Prix,Albert Park Grand Prix Circuit,2024-03-24,PER,Sergio Pérez,Red Bull,6,5,10.0,Finished,58,6
2024,3,Australian Grand Prix,Albert Park Grand Prix Circuit,2024-03-24,STR,Lance Stroll,Aston Martin,9,6,8.0,Finished,58,8
2024,3,Australian Grand Prix,Albert Park Grand Prix Circuit,2024-03-24,TSU,Yuki Tsunoda,RB F1 Team,8,7,6.0,Finished,58,11
2024,3,Australian Grand Prix,Albert Park Grand Prix Circuit,2024-03-24,ALO,Fernando Alonso,Aston Martin,10,8,4.0,Finished,58,7
2024,3,Australian Grand Prix,Albert Park Grand Prix Circuit,2024-03-24,HUL,Nico Hülkenberg,Haas F1 Team,16,9,2.0,Finished,58,12
2024,3,Australian Grand Prix,Albert Park Grand Prix Circuit,2024-03-24,MAG,Kevin Magnussen,Haas F1 Team,14,10,1.0,Lapped,57,9
2024,3,Australian Grand Prix,Albert Park Grand Prix Circuit,2024-03-24,ALB,Alexander Albon,Williams,12,11,0.0,Lapped,57,17
2024,3,Australian Grand Prix,Albert Park Grand Prix Circuit,2024-03-24,RIC,Daniel Ricciardo,RB F1 Team,18,12,0.0,Lapped,57,13
2024,3,Australian Grand Prix,Albert Park Grand Prix Circuit,2024-03-24,GAS,Pierre Gasly,Alpine F1 Team,17,13,0.0,Lapped,57,10
2024,3,Australian Grand Prix,Albert Park Grand Prix Circuit,2024-03-24,BOT,Valtteri Bottas,Sauber,13,14,0.0,Lapped,57,16
2024,3,Australian Grand Prix,Albert Park Grand Prix Circuit,2024-03-24,ZHO,Guanyu Zhou,Sauber,19,15,0.0,Lapped,57,14
2024,3,Australian Grand Prix,Albert Park Grand Prix Circuit,2024-03-24,OCO,Esteban Ocon,Alpine F1 Team,15,16,0.0,Lapped,57,15
2024,3,Australian Grand Prix,Albert Park Grand Prix Circuit,2024-03-24,RUS,George Russell,Mercedes,7,17,0.0,Retired,56,5
2024,3,Australian Grand Prix,Albert Park Grand Prix Circuit,2024-03-24,HAM,Lewis Hamilton,Mercedes,11,18,0.0,Retired,15,18
2024,3,Australian Grand Prix,Albert Park Grand Prix Circuit,2024-03-24,VER,Max Verstappen,Red Bull,1,19,0.0,Retired,3,19
2024,4,Japanese Grand Prix,Suzuka Circuit,2024-04-07,VER,Max Verstappen,Red Bull,1,1,26.0,Finished,53,1
2024,4,Japanese Grand Prix,Suzuka Circuit,2024-04-07,PER,Sergio Pérez,Red Bull,2,2,18.0,Finished,53,3
2024,4,Japanese Grand Prix,Suzuka Circuit,2024-04-07,SAI,Carlos Sainz,Ferrari,4,3,15.0,Finished,53,2
2024,4,Japanese Grand Prix,Suzuka Circuit,2024-04-07,LEC,Charles Leclerc,Ferrari,8,4,12.0,Finished,53,9
2024,4,Japanese Grand Prix,Suzuka Circuit,2024-04-07,NOR,Lando Norris,McLaren,3,5,10.0,Finished,53,10
2024,4,Japanese Grand Prix,Suzuka Circuit,2024-04-07,ALO,Fernando Alonso,Aston Martin,5,6,8.0,Finished,53,6
2024,4,Japanese Grand Prix,Suzuka Circuit,2024-04-07,RUS,George Russell,Mercedes,9,7,6.0,Finished,53,5
2024,4,Japanese Grand Prix,Suzuka Circuit,2024-04-07,PIA,Oscar Piastri,McLaren,6,8,4.0,Finished,53,7
2024,4,Japanese Grand Prix,Suzuka Circuit,2024-04-07,HAM,Lewis Hamilton,Mercedes,7,9,2.0,Finished,53,4
2024,4,Japanese Grand Prix,Suzuka Circuit,2024-04-07,TSU,Yuki Tsunoda,RB F1 Team,10,10,1.0,Lapped,52,14
2024,4,Japanese Grand Prix,Suzuka Circuit,2024-04-07,HUL,Nico Hülkenberg,Haas F1 Team,12,11,0.0,Lapped,52,11
2024,4,Japanese Grand Prix,Suzuka Circuit,2024-04-07,STR,Lance Stroll,Aston Martin,16,12,0.0,Lapped,52,12
2024,4,Japanese Grand Prix,Suzuka Circuit,2024-04-07,MAG,Kevin Magnussen,Haas F1 Team,18,13,0.0,Lapped,52,17
2024,4,Japanese Grand Prix,Suzuka Circuit,2024-04-07,BOT,Valtteri Bottas,Sauber,13,14,0.0,Lapped,52,15
2024,4,Japanese Grand Prix,Suzuka Circuit,2024-04-07,OCO,Esteban Ocon,Alpine F1 Team,15,15,0.0,Lapped,52,13
2024,4,Japanese Grand Prix,Suzuka Circuit,2024-04-07,GAS,Pierre Gasly,Alpine F1 Team,17,16,0.0,Lapped,52,16
2024,4,Japanese Grand Prix,Suzuka Circuit,2024-04-07,SAR,Logan Sargeant,Williams,19,17,0.0,Lapped,52,8
2024,4,Japanese Grand Prix,Suzuka Circuit,2024-04-07,ZHO,Guanyu Zhou,Sauber,20,18,0.0,Retired,12,18
2024,4,Japanese Grand Prix,Suzuka Circuit,2024-04-07,RIC,Daniel Ricciardo,RB F1 Team,11,19,0.0,Retired,0,
2024,4,Japanese Grand Prix,Suzuka Circuit,2024-04-07,ALB,Alexander Albon,Williams,14,20,0.0,Retired,0,
2024,5,Chinese Grand Prix,Shanghai International Circuit,2024-04-21,VER,Max Verstappen,Red Bull,1,1,25.0,Finished,56,2
2024,5,Chinese Grand Prix,Shanghai International Circuit,2024-04-21,NOR,Lando Norris,McLaren,4,2,18.0,Finished,56,4
2024,5,Chinese Grand Prix,Shanghai International Circuit,2024-04-21,PER,Sergio Pérez,Red Bull,2,3,15.0,Finished,56,7
2024,5,Chinese Grand Prix,Shanghai International Circuit,2024-04-21,LEC,Charles Leclerc,Ferrari,6,4,12.0,Finished,56,6
2024,5,Chinese Grand Prix,Shanghai International Circuit,2024-04-21,SAI,Carlos Sainz,Ferrari,7,5,10.0,Finished,56,10
2024,5,Chinese Grand Prix,Shanghai International Circuit,2024-04-21,RUS,George Russell,Mercedes,8,6,8.0,Finished,56,11
2024,5,Chinese Grand Prix,Shanghai International Circuit,2024-04-21,ALO,Fernando Alonso,Aston Martin,3,7,7.0,Finished,56,1
2024,5,Chinese Grand Prix,Shanghai International Circuit,2024-04-21,PIA,Oscar Piastri,McLaren,5,8,4.0,Finished,56,9
2024,5,Chinese Grand Prix,Shanghai International Circuit,2024-04-21,HAM,Lewis Hamilton,Mercedes,18,9,2.0,Finished,56,14
2024,5,Chinese Grand Prix,Shanghai International Circuit,2024-04-21,HUL,Nico Hülkenberg,Haas F1 Team,9,10,1.0,Finished,56,13
2024,5,Chinese Grand Prix,Shanghai International Circuit,2024-04-21,OCO,Esteban Ocon,Alpine F1 Team,13,11,0.0,Finished,56,15
2024,5,Chinese Grand Prix,Shanghai International Circuit,2024-04-21,ALB,Alexander Albon,Williams,14,12,0.0,Finished,56,12
2024,5,Chinese Grand Prix,Shanghai International Circuit,2024-04-21,GAS,Pierre Gasly,Alpine F1 Team,15,13,0.0,Finished,56,5
2024,5,Chinese Grand Prix,Shanghai International Circuit,2024-04-21,ZHO,Guanyu Zhou,Sauber,16,14,0.0,Finished,56,3
2024,5,Chinese Grand Prix,Shanghai International Circuit,2024-04-21,STR,Lance Stroll,Aston Martin,11,15,0.0,Finished,56,8
2024,5,Chinese Grand Prix,Shanghai International Circuit,2024-04-21,MAG,Kevin Magnussen,Haas F1 Team,17,16,0.0,Finished,56,18
2024,5,Chinese Grand Prix,Shanghai International Circuit,2024-04-21,SAR,Logan Sargeant,Williams,20,17,0.0,Finished,56,17
2024,5,Chinese Grand Prix,Shanghai International Circuit,2024-04-21,RIC,Daniel Ricciardo,RB F1 Team,12,18,0.0,Retired,33,16
2024,5,Chinese Grand Prix,Shanghai International Circuit,2024-04-21,TSU,Yuki Tsunoda,RB F1 Team,19,19,0.0,Retired,26,20
2024,5,Chinese Grand Prix,Shanghai International Circuit,2024-04-21,BOT,Valtteri Bottas,Sauber,10,20,0.0,Retired,19,19
2024,6,Miami Grand Prix,Miami International Autodrome,2024-05-05,NOR,Lando Norris,McLaren,5,1,25.0,Finished,57,5
2024,6,Miami Grand Prix,Miami International Autodrome,2024-05-05,VER,Max Verstappen,Red Bull,1,2,18.0,Finished,57,8
2024,6,Miami Grand Prix,Miami International Autodrome,2024-05-05,LEC,Charles Leclerc,Ferrari,2,3,15.0,Finished,57,6
2024,6,Miami Grand Prix,Miami International Autodrome,2024-05-05,PER,Sergio Pérez,Red Bull,4,4,12.0,Finished,57,3
2024,6,Miami Grand Prix,Miami International Autodrome,2024-05-05,SAI,Carlos Sainz,Ferrari,3,5,10.0,Finished,57,4
2024,6,Miami Grand Prix,Miami International Autodrome,2024-05-05,HAM,Lewis Hamilton,Mercedes,8,6,8.0,Finished,57,7
2024,6,Miami Grand Prix,Miami International Autodrome,2024-05-05,TSU,Yuki Tsunoda,RB F1 Team,10,7,6.0,Finished,57,10
2024,6,Miami Grand Prix,Miami International Autodrome,2024-05-05,RUS,George Russell,Mercedes,7,8,4.0,Finished,57,13
2024,6,Miami Grand Prix,Miami International Autodrome,2024-05-05,ALO,Fernando Alonso,Aston Martin,15,9,2.0,Finished,57,11
2024,6,Miami Grand Prix,Miami International Autodrome,2024-05-05,OCO,Esteban Ocon,Alpine F1 Team,13,10,1.0,Finished,57,16
2024,6,Miami Grand Prix,Miami International Autodrome,2024-05-05,HUL,Nico Hülkenberg,Haas F1 Team,9,11,0.0,Finished,57,14
2024,6,Miami Grand Prix,Miami International Autodrome,2024-05-05,GAS,Pierre Gasly,Alpine F1 Team,12,12,0.0,Finished,57,17
2024,6,Miami Grand Prix,Miami International Autodrome,2024-05-05,PIA,Oscar Piastri,McLaren,6,13,0.0,Finished,57,1
2024,6,Miami Grand Prix,Miami International Autodrome,2024-05-05,ZHO,Guanyu Zhou,Sauber,19,14,0.0,Finished,57,15
2024,6,Miami Grand Prix,Miami International Autodrome,2024-05-05,RIC,Daniel Ricciardo,RB F1 Team,20,15,0.0,Finished,57,19
2024,6,Miami Grand Prix,Miami International Autodrome,2024-05-05,BOT,Valtteri Bottas,Sauber,16,16,0.0,Finished,57,18
2024,6,Miami Grand Prix,Miami International Autodrome,2024-05-05,STR,Lance Stroll,Aston Martin,11,17,0.0,Finished,57,9
2024,6,Miami Grand Prix,Miami International Autodrome,2024-05-05,ALB,Alexander Albon,Williams,14,18,0.0,Finished,57,2
2024,6,Miami Grand Prix,Miami International Autodrome,2024-05-05,MAG,Kevin Magnussen,Haas F1 Team,18,19,0.0,Finished,57,12
2024,6,Miami Grand Prix,Miami International Autodrome,2024-05-05,SAR,Logan Sargeant,Williams,17,20,0.0,Retired,27,20
2024,7,Emilia Romagna Grand Prix,Autodromo Enzo e Dino Ferrari,2024-05-19,VER,Max Verstappen,Red Bull,1,1,25.0,Finished,63,9
2024,7,Emilia Romagna Grand Prix,Autodromo Enzo e Dino Ferrari,2024-05-19,NOR,Lando Norris,McLaren,2,2,18.0,Finished,63,6
2024,7,Emilia Romagna Grand Prix,Autodromo Enzo e Dino Ferrari,2024-05-19,LEC,Charles Leclerc,Ferrari,3,3,15.0,Finished,63,5
2024,7,Emilia Romagna Grand Prix,Autodromo Enzo e Dino Ferrari,2024-05-19,PIA,Oscar Piastri,McLaren,5,4,12.0,Finished,63,4
2024,7,Emilia Romagna Grand Prix,Autodromo Enzo e Dino Ferrari,2024-05-19,SAI,Carlos Sainz,Ferrari,4,5,10.0,Finished,63,7
2024,7,Emilia Romagna Grand Prix,Autodromo Enzo e Dino Ferrari,2024-05-19,HAM,Lewis Hamilton,Mercedes,8,6,8.0,Finished,63,8
2024,7,Emilia Romagna Grand Prix,Autodromo Enzo e Dino Ferrari,2024-05-19,RUS,George Russell,Mercedes,6,7,7.0,Finished,63,1
2024,7,Emilia Romagna Grand Prix,Autodromo Enzo e Dino Ferrari,2024-05-19,PER,Sergio Pérez,Red Bull,11,8,4.0,Finished,63,3
2024,7,Emilia Romagna Grand Prix,Autodromo Enzo e Dino Ferrari,2024-05-19,STR,Lance Stroll,Aston Martin,13,9,2.0,Finished,63,10
2024,7,Emilia Romagna Grand Prix,Autodromo Enzo e Dino Ferrari,2024-05-19,TSU,Yuki Tsunoda,RB F1 Team,7,10,1.0,Lapped,62,11
2024,7,Emilia Romagna Grand Prix,Autodromo Enzo e Dino Ferrari,2024-05-19,HUL,Nico Hülkenberg,Haas F1 Team,10,11,0.0,Lapped,62,20
2024,7,Emilia Romagna Grand Prix,Autodromo Enzo e Dino Ferrari,2024-05-19,MAG,Kevin Magnussen,Haas F1 Team,18,12,0.0,Lapped,62,12
2024,7,Emilia Romagna Grand Prix,Autodromo Enzo e Dino Ferrari,2024-05-19,RIC,Daniel Ricciardo,RB F1 Team,9,13,0.0,Lapped,62,19
2024,7,Emilia Romagna Grand Prix,Autodromo Enzo e Dino Ferrari,2024-05-19,OCO,Esteban Ocon,Alpine F1 Team,12,14,0.0,Lapped,62,16
2024,7,Emilia Romagna Grand Prix,Autodromo Enzo e Dino Ferrari,2024-05-19,ZHO,Guanyu Zhou,Sauber,17,15,0.0,Lapped,62,13
2024,7,Emilia Romagna Grand Prix,Autodromo Enzo e Dino Ferrari,2024-05-19,GAS,Pierre Gasly,Alpine F1 Team,15,16,0.0,Lapped,62,17
2024,7,Emilia Romagna Grand Prix,Autodromo Enzo e Dino Ferrari,2024-05-19,SAR,Logan Sargeant,Williams,19,17,0.0,Lapped,62,14
2024,7,Emilia Romagna Grand Prix,Autodromo Enzo e Dino Ferrari,2024-05-19,BOT,Valtteri Bottas,Sauber,16,18,0.0,Lapped,62,18
2024,7,Emilia Romagna Grand Prix,Autodromo Enzo e Dino Ferrari,2024-05-19,ALO,Fernando Alonso,Aston Martin,20,19,0.0,Lapped,62,2
2024,7,Emilia Romagna Grand Prix,Autodromo Enzo e Dino Ferrari,2024-05-19,ALB,Alexander Albon,Williams,14,20,0.0,Retired,51,15
2024,8,Monaco Grand Prix,Circuit de Monaco,2024-05-26,LEC,Charles Leclerc,Ferrari,1,1,25.0,Finished,78,6
2024,8,Monaco Grand Prix,Circuit de Monaco,2024-05-26,PIA,Oscar Piastri,McLaren,2,2,18.0,Finished,78,11
2024,8,Monaco Grand Prix,Circuit de Monaco,2024-05-26,SAI,Carlos Sainz,Ferrari,3,3,15.0,Finished,78,5
2024,8,Monaco Grand Prix,Circuit de Monaco,2024-05-26,NOR,Lando Norris,McLaren,4,4,12.0,Finished,78,10
2024,8,Monaco Grand Prix,Circuit de Monaco,2024-05-26,RUS,George Russell,Mercedes,5,5,10.0,Finished,78,7
2024,8,Monaco Grand Prix,Circuit de Monaco,2024-05-26,VER,Max Verstappen,Red Bull,6,6,8.0,Finished,78,2
2024,8,Monaco Grand Prix,Circuit de Monaco,2024-05-26,HAM,Lewis Hamilton,Mercedes,7,7,7.0,Finished,78,1
2024,8,Monaco Grand Prix,Circuit de Monaco,2024-05-26,TSU,Yuki Tsunoda,RB F1 Team,8,8,4.0,Lapped,77,4
2024,8,Monaco Grand Prix,Circuit de Monaco,2024-05-26,ALB,Alexander Albon,Williams,9,9,2.0,Lapped,77,14
2024,8,Monaco Grand Prix,Circuit de Monaco,2024-05-26,GAS,Pierre Gasly,Alpine F1 Team,10,10,1.0,Lapped,77,9
2024,8,Monaco Grand Prix,Circuit de Monaco,2024-05-26,ALO,Fernando Alonso,Aston Martin,14,11,0.0,Lapped,76,16
2024,8,Monaco Grand Prix,Circuit de Monaco,2024-05-26,RIC,Daniel Ricciardo,RB F1 Team,12,12,0.0,Lapped,76,15
2024,8,Monaco Grand Prix,Circuit de Monaco,2024-05-26,BOT,Valtteri Bottas,Sauber,17,13,0.0,Lapped,76,12
2024,8,Monaco Grand Prix,Circuit de Monaco,2024-05-26,STR,Lance Stroll,Aston Martin,13,14,0.0,Lapped,76,13
2024,8,Monaco Grand Prix,Circuit de Monaco,2024-05-26,SAR,Logan Sargeant,Williams,15,15,0.0,Lapped,76,8
2024,8,Monaco Grand Prix,Circuit de Monaco,2024-05-26,ZHO,Guanyu Zhou,Sauber,18,16,0.0,Lapped,76,3
2024,8,Monaco Grand Prix,Circuit de Monaco,2024-05-26,OCO,Esteban Ocon,Alpine F1 Team,11,17,0.0,Retired,0,
2024,8,Monaco Grand Prix,Circuit de Monaco,2024-05-26,PER,Sergio Pérez,Red Bull,16,18,0.0,Retired,0,
2024,8,Monaco Grand Prix,Circuit de Monaco,2024-05-26,HUL,Nico Hülkenberg,Haas F1 Team,19,19,0.0,Retired,0,
2024,8,Monaco Grand Prix,Circuit de Monaco,2024-05-26,MAG,Kevin Magnussen,Haas F1 Team,20,20,0.0,Retired,0,
2024,9,Canadian Grand Prix,Circuit Gilles Villeneuve,2024-06-09,VER,Max Verstappen,Red Bull,2,1,25.0,Finished,70,4
2024,9,Canadian Grand Prix,Circuit Gilles Villeneuve,2024-06-09,NOR,Lando Norris,McLaren,3,2,18.0,Finished,70,3
2024,9,Canadian Grand Prix,Circuit Gilles Villeneuve,2024-06-09,RUS,George Russell,Mercedes,1,3,15.0,Finished,70,2
2024,9,Canadian Grand Prix,Circuit Gilles Villeneuve,2024-06-09,HAM,Lewis Hamilton,Mercedes,7,4,13.0,Finished,70,1
2024,9,Canadian Grand Prix,Circuit Gilles Villeneuve,2024-06-09,PIA,Oscar Piastri,McLaren,4,5,10.0,Finished,70,5
2024,9,Canadian Grand Prix,Circuit Gilles Villeneuve,2024-06-09,ALO,Fernando Alonso,Aston Martin,6,6,8.0,Finished,70,6
2024,9,Canadian Grand Prix,Circuit Gilles Villeneuve,2024-06-09,STR,Lance Stroll,Aston Martin,9,7,6.0,Finished,70,9
2024,9,Canadian Grand Prix,Circuit Gilles Villeneuve,2024-06-09,RIC,Daniel Ricciardo,RB F1 Team,5,8,4.0,Finished,70,12
2024,9,Canadian Grand Prix,Circuit Gilles Villeneuve,2024-06-09,GAS,Pierre Gasly,Alpine F1 Team,15,9,2.0,Finished,70,11
2024,9,Canadian Grand Prix,Circuit Gilles Villeneuve,2024-06-09,OCO,Esteban Ocon,Alpine F1 Team,18,10,1.0,Finished,70,10
2024,9,Canadian Grand Prix,Circuit Gilles Villeneuve,2024-06-09,HUL,Nico Hülkenberg,Haas F1 Team,17,11,0.0,Finished,70,8
2024,9,Canadian Grand Prix,Circuit Gilles Villeneuve,2024-06-09,MAG,Kevin Magnussen,Haas F1 Team,14,12,0.0,Finished,70,7
2024,9,Canadian Grand Prix,Circuit Gilles Villeneuve,2024-06-09,BOT,Valtteri Bottas,Sauber,19,13,0.0,Finished,70,13
2024,9,Canadian Grand Prix,Circuit Gilles Villeneuve,2024-06-09,TSU,Yuki Tsunoda,RB F1 Team,8,14,0.0,Finished,70,14
2024,9,Canadian Grand Prix,Circuit Gilles Villeneuve,2024-06-09,ZHO,Guanyu Zhou,Sauber,20,15,0.0,Lapped,69,15
2024,9,Canadian Grand Prix,Circuit Gilles Villeneuve,2024-06-09,SAI,Carlos Sainz,Ferrari,12,16,0.0,Retired,52,17
2024,9,Canadian Grand Prix,Circuit Gilles Villeneuve,2024-06-09,ALB,Alexander Albon,Williams,10,17,0.0,Retired,52,18
2024,9,Canadian Grand Prix,Circuit Gilles Villeneuve,2024-06-09,PER,Sergio Pérez,Red Bull,16,18,0.0,Retired,51,16
2024,9,Canadian Grand Prix,Circuit Gilles Villeneuve,2024-06-09,LEC,Charles Leclerc,Ferrari,11,19,0.0,Retired,40,19
2024,9,Canadian Grand Prix,Circuit Gilles Villeneuve,2024-06-09,SAR,Logan Sargeant,Williams,13,20,0.0,Retired,23,20
2024,10,Spanish Grand Prix,Circuit de Barcelona-Catalunya,2024-06-23,VER,Max Verstappen,Red Bull,2,1,25.0,Finished,66,2
2024,10,Spanish Grand Prix,Circuit de Barcelona-Catalunya,2024-06-23,NOR,Lando Norris,McLaren,1,2,19.0,Finished,66,1
2024,10,Spanish Grand Prix,Circuit de Barcelona-Catalunya,2024-06-23,HAM,Lewis Hamilton,Mercedes,3,3,15.0,Finished,66,4
2024,10,Spanish Grand Prix,Circuit de Barcelona-Catalunya,2024-06-23,RUS,George Russell,Mercedes,4,4,12.0,Finished,66,7
2024,10,Spanish Grand Prix,Circuit de Barcelona-Catalunya,2024-06-23,LEC,Charles Leclerc,Ferrari,5,5,10.0,Finished,66,6
2024,10,Spanish Grand Prix,Circuit de Barcelona-Catalunya,2024-06-23,SAI,Carlos Sainz,Ferrari,6,6,8.0,Finished,66,9
2024,10,Spanish Grand Prix,Circuit de Barcelona-Catalunya,2024-06-23,PIA,Oscar Piastri,McLaren,9,7,6.0,Finished,66,5
2024,10,Spanish Grand Prix,Circuit de Barcelona-Catalunya,2024-06-23,PER,Sergio Pérez,Red Bull,11,8,4.0,Finished,66,3
2024,10,Spanish Grand Prix,Circuit de Barcelona-Catalunya,2024-06-23,GAS,Pierre Gasly,Alpine F1 Team,7,9,2.0,Finished,66,13
2024,10,Spanish Grand Prix,Circuit de Barcelona-Catalunya,2024-06-23,OCO,Esteban Ocon,Alpine F1 Team,8,10,1.0,Finished,66,12
2024,10,Spanish Grand Prix,Circuit de Barcelona-Catalunya,2024-06-23,HUL,Nico Hülkenberg,Haas F1 Team,13,11,0.0,Finished,66,10
2024,10,Spanish Grand Prix,Circuit de Barcelona-Catalunya,2024-06-23,ALO,Fernando Alonso,Aston Martin,10,12,0.0,Lapped,65,8
2024,10,Spanish Grand Prix,Circuit de Barcelona-Catalunya,2024-06-23,ZHO,Guanyu Zhou,Sauber,15,13,0.0,Lapped,65,11
2024,10,Spanish Grand Prix,Circuit de Barcelona-Catalunya,2024-06-23,STR,Lance Stroll,Aston Martin,14,14,0.0,Lapped,65,15
2024,10,Spanish Grand Prix,Circuit de Barcelona-Catalunya,2024-06-23,RIC,Daniel Ricciardo,RB F1 Team,18,15,0.0,Lapped,65,17
2024,10,Spanish Grand Prix,Circuit de Barcelona-Catalunya,2024-06-23,BOT,Valtteri Bottas,Sauber,12,16,0.0,Lapped,65,18
2024,10,Spanish Grand Prix,Circuit de Barcelona-Catalunya,2024-06-23,MAG,Kevin Magnussen,Haas F1 Team,16,17,0.0,Lapped,65,19
2024,10,Spanish Grand Prix,Circuit de Barcelona-Catalunya,2024-06-23,ALB,Alexander Albon,Williams,20,18,0.0,Lapped,65,14
2024,10,Spanish Grand Prix,Circuit de Barcelona-Catalunya,2024-06-23,TSU,Yuki Tsunoda,RB F1 Team,17,19,0.0,Lapped,65,16
2024,10,Spanish Grand Prix,Circuit de Barcelona-Catalunya,2024-06-23,SAR,Logan Sargeant,Williams,19,20,0.0,Lapped,64,20
2024,11,Austrian Grand Prix,Red Bull Ring,2024-06-30,RUS,George Russell,Mercedes,3,1,25.0,Finished,71,5
2024,11,Austrian Grand Prix,Red Bull Ring,2024-06-30,PIA,Oscar Piastri,McLaren,7,2,18.0,Finished,71,4
2024,11,Austrian Grand Prix,Red Bull Ring,2024-06-30,SAI,Carlos Sainz,Ferrari,4,3,15.0,Finished,71,6
2024,11,Austrian Grand Prix,Red Bull Ring,2024-06-30,HAM,Lewis Hamilton,Mercedes,5,4,12.0,Finished,71,7
2024,11,Austrian Grand Prix,Red Bull Ring,2024-06-30,VER,Max Verstappen,Red Bull,1,5,10.0,Finished,71,2
2024,11,Austrian Grand Prix,Red Bull Ring,2024-06-30,HUL,Nico Hülkenberg,Haas F1 Team,9,6,8.0,Finished,71,14
2024,11,Austrian Grand Prix,Red Bull Ring,2024-06-30,PER,Sergio Pérez,Red Bull,8,7,6.0,Finished,71,11
2024,11,Austrian Grand Prix,Red Bull Ring,2024-06-30,MAG,Kevin Magnussen,Haas F1 Team,12,8,4.0,Finished,71,12
2024,11,Austrian Grand Prix,Red Bull Ring,2024-06-30,RIC,Daniel Ricciardo,RB F1 Team,11,9,2.0,Finished,71,18
2024,11,Austrian Grand Prix,Red Bull Ring,2024-06-30,GAS,Pierre Gasly,Alpine F1 Team,13,10,1.0,Finished,71,9
2024,11,Austrian Grand Prix,Red Bull Ring,2024-06-30,LEC,Charles Leclerc,Ferrari,6,11,0.0,Finished,71,8
2024,11,Austrian Grand Prix,Red Bull Ring,2024-06-30,OCO,Esteban Ocon,Alpine F1 Team,10,12,0.0,Finished,71,10
2024,11,Austrian Grand Prix,Red Bull Ring,2024-06-30,STR,Lance Stroll,Aston Martin,17,13,0.0,Lapped,70,13
2024,11,Austrian Grand Prix,Red Bull Ring,2024-06-30,TSU,Yuki Tsunoda,RB F1 Team,14,14,0.0,Lapped,70,15
2024,11,Austrian Grand Prix,Red Bull Ring,2024-06-30,ALB,Alexander Albon,Williams,16,15,0.0,Lapped,70,16
2024,11,Austrian Grand Prix,Red Bull Ring,2024-06-30,BOT,Valtteri Bottas,Sauber,18,16,0.0,Lapped,70,19
2024,11,Austrian Grand Prix,Red Bull Ring,2024-06-30,ZHO,Guanyu Zhou,Sauber,20,17,0.0,Lapped,70,20
2024,11,Austrian Grand Prix,Red Bull Ring,2024-06-30,ALO,Fernando Alonso,Aston Martin,15,18,0.0,Lapped,70,1
2024,11,Austrian Grand Prix,Red Bull Ring,2024-06-30,SAR,Logan Sargeant,Williams,19,19,0.0,Lapped,69,17
2024,11,Austrian Grand Prix,Red Bull Ring,2024-06-30,NOR,Lando Norris,McLaren,2,20,0.0,Lapped,64,3
2024,12,British Grand Prix,Silverstone Circuit,2024-07-07,HAM,Lewis Hamilton,Mercedes,2,1,25.0,Finished,52,5
2024,12,British Grand Prix,Silverstone Circuit,2024-07-07,VER,Max Verstappen,Red Bull,4,2,18.0,Finished,52,3
2024,12,British Grand Prix,Silverstone Circuit,2024-07-07,NOR,Lando Norris,McLaren,3,3,15.0,Finished,52,4
2024,12,British Grand Prix,Silverstone Circuit,2024-07-07,PIA,Oscar Piastri,McLaren,5,4,12.0,Finished,52,2
2024,12,British Grand Prix,Silverstone Circuit,2024-07-07,SAI,Carlos Sainz,Ferrari,7,5,11.0,Finished,52,1
2024,12,British Grand Prix,Silverstone Circuit,2024-07-07,HUL,Nico Hülkenberg,Haas F1 Team,6,6,8.0,Finished,52,10
2024,12,British Grand Prix,Silverstone Circuit,2024-07-07,STR,Lance Stroll,Aston Martin,8,7,6.0,Finished,52,11
2024,12,British Grand Prix,Silverstone Circuit,2024-07-07,ALO,Fernando Alonso,Aston Martin,10,8,4.0,Finished,52,7
2024,12,British Grand Prix,Silverstone Circuit,2024-07-07,ALB,Alexander Albon,Williams,9,9,2.0,Finished,52,8
2024,12,British Grand Prix,Silverstone Circuit,2024-07-07,TSU,Yuki Tsunoda,RB F1 Team,13,10,1.0,Finished,52,14
2024,12,British Grand Prix,Silverstone Circuit,2024-07-07,SAR,Logan Sargeant,Williams,12,11,0.0,Finished,52,12
2024,12,British Grand Prix,Silverstone Circuit,2024-07-07,MAG,Kevin Magnussen,Haas F1 Team,17,12,0.0,Finished,52,13
2024,12,British Grand Prix,Silverstone Circuit,2024-07-07,RIC,Daniel Ricciardo,RB F1 Team,15,13,0.0,Lapped,51,15
2024,12,British Grand Prix,Silverstone Circuit,2024-07-07,LEC,Charles Leclerc,Ferrari,11,14,0.0,Lapped,51,9
2024,12,British Grand Prix,Silverstone Circuit,2024-07-07,BOT,Valtteri Bottas,Sauber,16,15,0.0,Lapped,51,18
2024,12,British Grand Prix,Silverstone Circuit,2024-07-07,OCO,Esteban Ocon,Alpine F1 Team,18,16,0.0,Lapped,50,16
2024,12,British Grand Prix,Silverstone Circuit,2024-07-07,PER,Sergio Pérez,Red Bull,20,17,0.0,Lapped,50,6
2024,12,British Grand Prix,Silverstone Circuit,2024-07-07,ZHO,Guanyu Zhou,Sauber,14,18,0.0,Lapped,50,17
2024,12,British Grand Prix,Silverstone Circuit,2024-07-07,RUS,George Russell,Mercedes,1,19,0.0,Retired,33,19
2024,12,British Grand Prix,Silverstone Circuit,2024-07-07,GAS,Pierre Gasly,Alpine F1 Team,19,20,0.0,Did not start,0,
2024,13,Hungarian Grand Prix,Hungaroring,2024-07-21,PIA,Oscar Piastri,McLaren,2,1,25.0,Finished,70,8
2024,13,Hungarian Grand Prix,Hungaroring,2024-07-21,NOR,Lando Norris,McLaren,1,2,18.0,Finished,70,7
2024,13,Hungarian Grand Prix,Hungaroring,2024-07-21,HAM,Lewis Hamilton,Mercedes,5,3,15.0,Finished,70,9
2024,13,Hungarian Grand Prix,Hungaroring,2024-07-21,LEC,Charles Leclerc,Ferrari,6,4,12.0,Finished,70,10
2024,13,Hungarian Grand Prix,Hungaroring,2024-07-21,VER,Max Verstappen,Red Bull,3,5,10.0,Finished,70,3
2024,13,Hungarian Grand Prix,Hungaroring,2024-07-21,SAI,Carlos Sainz,Ferrari,4,6,8.0,Finished,70,5
2024,13,Hungarian Grand Prix,Hungaroring,2024-07-21,PER,Sergio Pérez,Red Bull,16,7,6.0,Finished,70,4
2024,13,Hungarian Grand Prix,Hungaroring,2024-07-21,RUS,George Russell,Mercedes,17,8,5.0,Finished,70,1
2024,13,Hungarian Grand Prix,Hungaroring,2024-07-21,TSU,Yuki Tsunoda,RB F1 Team,10,9,2.0,Finished,70,18
2024,13,Hungarian Grand Prix,Hungaroring,2024-07-21,STR,Lance Stroll,Aston Martin,8,10,1.0,Finished,70,11
2024,13,Hungarian Grand Prix,Hungaroring,2024-07-21,ALO,Fernando Alonso,Aston Martin,7,11,0.0,Finished,70,14
2024,13,Hungarian Grand Prix,Hungaroring,2024-07-21,RIC,Daniel Ricciardo,RB F1 Team,9,12,0.0,Lapped,69,12
2024,13,Hungarian Grand Prix,Hungaroring,2024-07-21,HUL,Nico Hülkenberg,Haas F1 Team,11,13,0.0,Lapped,69,16
2024,13,Hungarian Grand Prix,Hungaroring,2024-07-21,ALB,Alexander Albon,Williams,13,14,0.0,Lapped,69,20
2024,13,Hungarian Grand Prix,Hungaroring,2024-07-21,MAG,Kevin Magnussen,Haas F1 Team,15,15,0.0,Lapped,69,19
2024,13,Hungarian Grand Prix,Hungaroring,2024-07-21,BOT,Valtteri Bottas,Sauber,12,16,0.0,Lapped,69,13
2024,13,Hungarian Grand Prix,Hungaroring,2024-07-21,SAR,Logan Sargeant,Williams,14,17,0.0,Lapped,69,2
2024,13,Hungarian Grand Prix,Hungaroring,2024-07-21,OCO,Esteban Ocon,Alpine F1 Team,19,18,0.0,Lapped,69,6
2024,13,Hungarian Grand Prix,Hungaroring,2024-07-21,ZHO,Guanyu Zhou,Sauber,18,19,0.0,Lapped,69,17
2024,13,Hungarian Grand Prix,Hungaroring,2024-07-21,GAS,Pierre Gasly,Alpine F1 Team,20,20,0.0,Retired,33,15
2024,14,Belgian Grand Prix,Circuit de Spa-Francorchamps,2024-07-28,HAM,Lewis Hamilton,Mercedes,3,1,25.0,Finished,44,6
2024,14,Belgian Grand Prix,Circuit de Spa-Francorchamps,2024-07-28,PIA,Oscar Piastri,McLaren,5,2,18.0,Finished,44,3
2024,14,Belgian Grand Prix,Circuit de Spa-Francorchamps,2024-07-28,LEC,Charles Leclerc,Ferrari,1,3,15.0,Finished,44,8
2024,14,Belgian Grand Prix,Circuit de Spa-Francorchamps,2024-07-28,VER,Max Verstappen,Red Bull,11,4,12.0,Finished,44,4
2024,14,Belgian Grand Prix,Circuit de Spa-Francorchamps,2024-07-28,NOR,Lando Norris,McLaren,4,5,10.0,Finished,44,2
2024,14,Belgian Grand Prix,Circuit de Spa-Francorchamps,2024-07-28,SAI,Carlos Sainz,Ferrari,7,6,8.0,Finished,44,5
2024,14,Belgian Grand Prix,Circuit de Spa-Francorchamps,2024-07-28,PER,Sergio Pérez,Red Bull,2,7,7.0,Finished,44,1
2024,14,Belgian Grand Prix,Circuit de Spa-Francorchamps,2024-07-28,ALO,Fernando Alonso,Aston Martin,8,8,4.0,Finished,44,17
2024,14,Belgian Grand Prix,Circuit de Spa-Francorchamps,2024-07-28,OCO,Esteban Ocon,Alpine F1 Team,9,9,2.0,Finished,44,7
2024,14,Belgian Grand Prix,Circuit de Spa-Francorchamps,2024-07-28,RIC,Daniel Ricciardo,RB F1 Team,13,10,1.0,Finished,44,12
2024,14,Belgian Grand Prix,Circuit de Spa-Francorchamps,2024-07-28,STR,Lance Stroll,Aston Martin,15,11,0.0,Finished,44,18
2024,14,Belgian Grand Prix,Circuit de Spa-Francorchamps,2024-07-28,ALB,Alexander Albon,Williams,10,12,0.0,Finished,44,16
2024,14,Belgian Grand Prix,Circuit de Spa-Francorchamps,2024-07-28,GAS,Pierre Gasly,Alpine F1 Team,12,13,0.0,Finished,44,11
2024,14,Belgian Grand Prix,Circuit de Spa-Francorchamps,2024-07-28,MAG,Kevin Magnussen,Haas F1 Team,17,14,0.0,Finished,44,14
2024,14,Belgian Grand Prix,Circuit de Spa-Francorchamps,2024-07-28,BOT,Valtteri Bottas,Sauber,14,15,0.0,Finished,44,9
2024,14,Belgian Grand Prix,Circuit de Spa-Francorchamps,2024-07-28,TSU,Yuki Tsunoda,RB F1 Team,20,16,0.0,Finished,44,15
2024,14,Belgian Grand Prix,Circuit de Spa-Francorchamps,2024-07-28,SAR,Logan Sargeant,Williams,18,17,0.0,Finished,44,13
2024,14,Belgian Grand Prix,Circuit de Spa-Francorchamps,2024-07-28,HUL,Nico Hülkenberg,Haas F1 Team,16,18,0.0,Finished,44,19
2024,14,Belgian Grand Prix,Circuit de Spa-Francorchamps,2024-07-28,ZHO,Guanyu Zhou,Sauber,19,19,0.0,Retired,5,20
2024,14,Belgian Grand Prix,Circuit de Spa-Francorchamps,2024-07-28,RUS,George Russell,Mercedes,6,20,0.0,Disqualified,44,10
2024,15,Dutch Grand Prix,Circuit Park Zandvoort,2024-08-25,NOR,Lando Norris,McLaren,1,1,26.0,Finished,72,1
2024,15,Dutch Grand Prix,Circuit Park Zandvoort,2024-08-25,VER,Max Verstappen,Red Bull,2,2,18.0,Finished,72,9
2024,15,Dutch Grand Prix,Circuit Park Zandvoort,2024-08-25,LEC,Charles Leclerc,Ferrari,6,3,15.0,Finished,72,7
2024,15,Dutch Grand Prix,Circuit Park Zandvoort,2024-08-25,PIA,Oscar Piastri,McLaren,3,4,12.0,Finished,72,5
2024,15,Dutch Grand Prix,Circuit Park Zandvoort,2024-08-25,SAI,Carlos Sainz,Ferrari,10,5,10.0,Finished,72,4
2024,15,Dutch Grand Prix,Circuit Park Zandvoort,2024-08-25,PER,Sergio Pérez,Red Bull,5,6,8.0,Finished,72,8
2024,15,Dutch Grand Prix,Circuit Park Zandvoort,2024-08-25,RUS,George Russell,Mercedes,4,7,6.0,Finished,72,3
2024,15,Dutch Grand Prix,Circuit Park Zandvoort,2024-08-25,HAM,Lewis Hamilton,Mercedes,14,8,4.0,Finished,72,2
2024,15,Dutch Grand Prix,Circuit Park Zandvoort,2024-08-25,GAS,Pierre Gasly,Alpine F1 Team,9,9,2.0,Lapped,71,11
2024,15,Dutch Grand Prix,Circuit Park Zandvoort,2024-08-25,ALO,Fernando Alonso,Aston Martin,7,10,1.0,Lapped,71,10
2024,15,Dutch Grand Prix,Circuit Park Zandvoort,2024-08-25,HUL,Nico Hülkenberg,Haas F1 Team,12,11,0.0,Lapped,71,18
2024,15,Dutch Grand Prix,Circuit Park Zandvoort,2024-08-25,RIC,Daniel Ricciardo,RB F1 Team,13,12,0.0,Lapped,71,13
2024,15,Dutch Grand Prix,Circuit Park Zandvoort,2024-08-25,STR,Lance Stroll,Aston Martin,8,13,0.0,Lapped,71,14
2024,15,Dutch Grand Prix,Circuit Park Zandvoort,2024-08-25,ALB,Alexander Albon,Williams,19,14,0.0,Lapped,71,6
2024,15,Dutch Grand Prix,Circuit Park Zandvoort,2024-08-25,OCO,Esteban Ocon,Alpine F1 Team,15,15,0.0,Lapped,71,15
2024,15,Dutch Grand Prix,Circuit Park Zandvoort,2024-08-25,SAR,Logan Sargeant,Williams,18,16,0.0,Lapped,71,16
2024,15,Dutch Grand Prix,Circuit Park Zandvoort,2024-08-25,TSU,Yuki Tsunoda,RB F1 Team,11,17,0.0,Lapped,71,17
2024,15,Dutch Grand Prix,Circuit Park Zandvoort,2024-08-25,MAG,Kevin Magnussen,Haas F1 Team,20,18,0.0,Lapped,71,12
2024,15,Dutch Grand Prix,Circuit Park Zandvoort,2024-08-25,BOT,Valtteri Bottas,Sauber,16,19,0.0,Lapped,70,20
2024,15,Dutch Grand Prix,Circuit Park Zandvoort,2024-08-25,ZHO,Guanyu Zhou,Sauber,17,20,0.0,Lapped,70,19
2024,16,Italian Grand Prix,Autodromo Nazionale di Monza,2024-09-01,LEC,Charles Leclerc,Ferrari,4,1,25.0,Finished,53,10
2024,16,Italian Grand Prix,Autodromo Nazionale di Monza,2024-09-01,PIA,Oscar Piastri,McLaren,2,2,18.0,Finished,53,4
2024,16,Italian Grand Prix,Autodromo Nazionale di Monza,2024-09-01,NOR,Lando Norris,McLaren,1,3,16.0,Finished,53,1
2024,16,Italian Grand Prix,Autodromo Nazionale di Monza,2024-09-01,SAI,Carlos Sainz,Ferrari,5,4,12.0,Finished,53,9
2024,16,Italian Grand Prix,Autodromo Nazionale di Monza,2024-09-01,HAM,Lewis Hamilton,Mercedes,6,5,10.0,Finished,53,2
2024,16,Italian Grand Prix,Autodromo Nazionale di Monza,2024-09-01,VER,Max Verstappen,Red Bull,7,6,8.0,Finished,53,3
2024,16,Italian Grand Prix,Autodromo Nazionale di Monza,2024-09-01,RUS,George Russell,Mercedes,3,7,6.0,Finished,53,5
2024,16,Italian Grand Prix,Autodromo Nazionale di Monza,2024-09-01,PER,Sergio Pérez,Red Bull,8,8,4.0,Finished,53,8
2024,16,Italian Grand Prix,Autodromo Nazionale di Monza,2024-09-01,ALB,Alexander Albon,Williams,9,9,2.0,Finished,53,16
2024,16,Italian Grand Prix,Autodromo Nazionale di Monza,2024-09-01,MAG,Kevin Magnussen,Haas F1 Team,13,10,1.0,Finished,53,12
2024,16,Italian Grand Prix,Autodromo Nazionale di Monza,2024-09-01,ALO,Fernando Alonso,Aston Martin,11,11,0.0,Finished,53,7
2024,16,Italian Grand Prix,Autodromo Nazionale di Monza,2024-09-01,COL,Franco Colapinto,Williams,18,12,0.0,Finished,53,14
2024,16,Italian Grand Prix,Autodromo Nazionale di Monza,2024-09-01,RIC,Daniel Ricciardo,RB F1 Team,12,13,0.0,Finished,53,17
2024,16,Italian Grand Prix,Autodromo Nazionale di Monza,2024-09-01,OCO,Esteban Ocon,Alpine F1 Team,15,14,0.0,Lapped,52,18
2024,16,Italian Grand Prix,Autodromo Nazionale di Monza,2024-09-01,GAS,Pierre Gasly,Alpine F1 Team,14,15,0.0,Lapped,52,15
2024,16,Italian Grand Prix,Autodromo Nazionale di Monza,2024-09-01,BOT,Valtteri Bottas,Sauber,19,16,0.0,Lapped,52,13
2024,16,Italian Grand Prix,Autodromo Nazionale di Monza,2024-09-01,HUL,Nico Hülkenberg,Haas F1 Team,10,17,0.0,Lapped,52,11
2024,16,Italian Grand Prix,Autodromo Nazionale di Monza,2024-09-01,ZHO,Guanyu Zhou,Sauber,20,18,0.0,Lapped,52,19
2024,16,Italian Grand Prix,Autodromo Nazionale di Monza,2024-09-01,STR,Lance Stroll,Aston Martin,17,19,0.0,Lapped,52,6
2024,16,Italian Grand Prix,Autodromo Nazionale di Monza,2024-09-01,TSU,Yuki Tsunoda,RB F1 Team,16,20,0.0,Retired,7,20
2024,17,Azerbaijan Grand Prix,Baku City Circuit,2024-09-15,PIA,Oscar Piastri,McLaren,2,1,25.0,Finished,51,9
2024,17,Azerbaijan Grand Prix,Baku City Circuit,2024-09-15,LEC,Charles Leclerc,Ferrari,1,2,18.0,Finished,51,10
2024,17,Azerbaijan Grand Prix,Baku City Circuit,2024-09-15,RUS,George Russell,Mercedes,5,3,15.0,Finished,51,2
2024,17,Azerbaijan Grand Prix,Baku City Circuit,2024-09-15,NOR,Lando Norris,McLaren,15,4,13.0,Finished,51,1
2024,17,Azerbaijan Grand Prix,Baku City Circuit,2024-09-15,VER,Max Verstappen,Red Bull,6,5,10.0,Finished,51,3
2024,17,Azerbaijan Grand Prix,Baku City Circuit,2024-09-15,ALO,Fernando Alonso,Aston Martin,7,6,8.0,Finished,51,8
2024,17,Azerbaijan Grand Prix,Baku City Circuit,2024-09-15,ALB,Alexander Albon,Williams,9,7,6.0,Finished,51,5
2024,17,Azerbaijan Grand Prix,Baku City Circuit,2024-09-15,COL,Franco Colapinto,Williams,8,8,4.0,Finished,51,12
2024,17,Azerbaijan Grand Prix,Baku City Circuit,2024-09-15,HAM,Lewis Hamilton,Mercedes,19,9,2.0,Finished,51,11
2024,17,Azerbaijan Grand Prix,Baku City Circuit,2024-09-15,BEA,Oliver Bearman,Haas F1 Team,10,10,1.0,Finished,51,7
2024,17,Azerbaijan Grand Prix,Baku City Circuit,2024-09-15,HUL,Nico Hülkenberg,Haas F1 Team,12,11,0.0,Finished,51,14
2024,17,Azerbaijan Grand Prix,Baku City Circuit,2024-09-15,GAS,Pierre Gasly,Alpine F1 Team,18,12,0.0,Finished,51,15
2024,17,Azerbaijan Grand Prix,Baku City Circuit,2024-09-15,RIC,Daniel Ricciardo,RB F1 Team,14,13,0.0,Finished,51,17
2024,17,Azerbaijan Grand Prix,Baku City Circuit,2024-09-15,ZHO,Guanyu Zhou,Sauber,17,14,0.0,Finished,51,13
2024,17,Azerbaijan Grand Prix,Baku City Circuit,2024-09-15,OCO,Esteban Ocon,Alpine F1 Team,20,15,0.0,Lapped,50,19
2024,17,Azerbaijan Grand Prix,Baku City Circuit,2024-09-15,BOT,Valtteri Bottas,Sauber,16,16,0.0,Lapped,50,18
2024,17,Azerbaijan Grand Prix,Baku City Circuit,2024-09-15,PER,Sergio Pérez,Red Bull,4,17,0.0,Retired,49,6
2024,17,Azerbaijan Grand Prix,Baku City Circuit,2024-09-15,SAI,Carlos Sainz,Ferrari,3,18,0.0,Retired,49,4
2024,17,Azerbaijan Grand Prix,Baku City Circuit,2024-09-15,STR,Lance Stroll,Aston Martin,13,19,0.0,Retired,45,16
2024,17,Azerbaijan Grand Prix,Baku City Circuit,2024-09-15,TSU,Yuki Tsunoda,RB F1 Team,11,20,0.0,Retired,14,20
2024,18,Singapore Grand Prix,Marina Bay Street Circuit,2024-09-22,NOR,Lando Norris,McLaren,1,1,25.0,Finished,62,2
2024,18,Singapore Grand Prix,Marina Bay Street Circuit,2024-09-22,VER,Max Verstappen,Red Bull,2,2,18.0,Finished,62,5
2024,18,Singapore Grand Prix,Marina Bay Street Circuit,2024-09-22,PIA,Oscar Piastri,McLaren,5,3,15.0,Finished,62,4
2024,18,Singapore Grand Prix,Marina Bay Street Circuit,2024-09-22,RUS,George Russell,Mercedes,4,4,12.0,Finished,62,10
2024,18,Singapore Grand Prix,Marina Bay Street Circuit,2024-09-22,LEC,Charles Leclerc,Ferrari,9,5,10.0,Finished,62,3
2024,18,Singapore Grand Prix,Marina Bay Street Circuit,2024-09-22,HAM,Lewis Hamilton,Mercedes,3,6,8.0,Finished,62,12
2024,18,Singapore Grand Prix,Marina Bay Street Circuit,2024-09-22,SAI,Carlos Sainz,Ferrari,10,7,6.0,Finished,62,7
2024,18,Singapore Grand Prix,Marina Bay Street Circuit,2024-09-22,ALO,Fernando Alonso,Aston Martin,7,8,4.0,Lapped,61,18
2024,18,Singapore Grand Prix,Marina Bay Street Circuit,2024-09-22,HUL,Nico Hülkenberg,Haas F1 Team,6,9,2.0,Lapped,61,15
2024,18,Singapore Grand Prix,Marina Bay Street Circuit,2024-09-22,PER,Sergio Pérez,Red Bull,13,10,1.0,Lapped,61,16
2024,18,Singapore Grand Prix,Marina Bay Street Circuit,2024-09-22,COL,Franco Colapinto,Williams,12,11,0.0,Lapped,61,11
2024,18,Singapore Grand Prix,Marina Bay Street Circuit,2024-09-22,TSU,Yuki Tsunoda,RB F1 Team,8,12,0.0,Lapped,61,6
2024,18,Singapore Grand Prix,Marina Bay Street Circuit,2024-09-22,OCO,Esteban Ocon,Alpine F1 Team,15,13,0.0,Lapped,61,20
2024,18,Singapore Grand Prix,Marina Bay Street Circuit,2024-09-22,STR,Lance Stroll,Aston Martin,17,14,0.0,Lapped,61,19
2024,18,Singapore Grand Prix,Marina Bay Street Circuit,2024-09-22,ZHO,Guanyu Zhou,Sauber,20,15,0.0,Lapped,61,14
2024,18,Singapore Grand Prix,Marina Bay Street Circuit,2024-09-22,BOT,Valtteri Bottas,Sauber,19,16,0.0,Lapped,61,17
2024,18,Singapore Grand Prix,Marina Bay Street Circuit,2024-09-22,GAS,Pierre Gasly,Alpine F1 Team,18,17,0.0,Lapped,61,9
2024,18,Singapore Grand Prix,Marina Bay Street Circuit,2024-09-22,RIC,Daniel Ricciardo,RB F1 Team,16,18,0.0,Lapped,61,1
2024,18,Singapore Grand Prix,Marina Bay Street Circuit,2024-09-22,MAG,Kevin Magnussen,Haas F1 Team,14,19,0.0,Retired,57,13
2024,18,Singapore Grand Prix,Marina Bay Street Circuit,2024-09-22,ALB,Alexander Albon,Williams,11,20,0.0,Retired,15,8
2024,19,United States Grand Prix,Circuit of the Americas,2024-10-20,LEC,Charles Leclerc,Ferrari,4,1,25.0,Finished,56,6
2024,19,United States Grand Prix,Circuit of the Americas,2024-10-20,SAI,Carlos Sainz,Ferrari,3,2,18.0,Finished,56,5
2024,19,United States Grand Prix,Circuit of the Americas,2024-10-20,VER,Max Verstappen,Red Bull,2,3,15.0,Finished,56,9
2024,19,United States Grand Prix,Circuit of the Americas,2024-10-20,NOR,Lando Norris,McLaren,1,4,12.0,Finished,56,4
2024,19,United States Grand Prix,Circuit of the Americas,2024-10-20,PIA,Oscar Piastri,McLaren,5,5,10.0,Finished,56,7
2024,19,United States Grand Prix,Circuit of the Americas,2024-10-20,RUS,George Russell,Mercedes,20,6,8.0,Finished,56,3
2024,19,United States Grand Prix,Circuit of the Americas,2024-10-20,PER,Sergio Pérez,Red Bull,9,7,6.0,Finished,56,13
2024,19,United States Grand Prix,Circuit of the Americas,2024-10-20,HUL,Nico Hülkenberg,Haas F1 Team,11,8,4.0,Finished,56,12
2024,19,United States Grand Prix,Circuit of the Americas,2024-10-20,LAW,Liam Lawson,RB F1 Team,19,9,2.0,Finished,56,8
2024,19,United States Grand Prix,Circuit of the Americas,2024-10-20,COL,Franco Colapinto,Williams,15,10,1.0,Finished,56,2
2024,19,United States Grand Prix,Circuit of the Americas,2024-10-20,MAG,Kevin Magnussen,Haas F1 Team,8,11,0.0,Finished,56,10
2024,19,United States Grand Prix,Circuit of the Americas,2024-10-20,GAS,Pierre Gasly,Alpine F1 Team,6,12,0.0,Finished,56,11
2024,19,United States Grand Prix,Circuit of the Americas,2024-10-20,ALO,Fernando Alonso,Aston Martin,7,13,0.0,Lapped,55,17
2024,19,United States Grand Prix,Circuit of the Americas,2024-10-20,TSU,Yuki Tsunoda,RB F1 Team,10,14,0.0,Lapped,55,15
2024,19,United States Grand Prix,Circuit of the Americas,2024-10-20,STR,Lance Stroll,Aston Martin,13,15,0.0,Lapped,55,16
2024,19,United States Grand Prix,Circuit of the Americas,2024-10-20,ALB,Alexander Albon,Williams,14,16,0.0,Lapped,55,14
2024,19,United States Grand Prix,Circuit of the Americas,2024-10-20,BOT,Valtteri Bottas,Sauber,16,17,0.0,Lapped,55,19
2024,19,United States Grand Prix,Circuit of the Americas,2024-10-20,OCO,Esteban Ocon,Alpine F1 Team,12,18,0.0,Lapped,55,1
2024,19,United States Grand Prix,Circuit of the Americas,2024-10-20,ZHO,Guanyu Zhou,Sauber,18,19,0.0,Lapped,55,18
2024,19,United States Grand Prix,Circuit of the Americas,2024-10-20,HAM,Lewis Hamilton,Mercedes,17,20,0.0,Retired,1,
2024,20,Mexico City Grand Prix,Autódromo Hermanos Rodríguez,2024-10-27,SAI,Carlos Sainz,Ferrari,1,1,25.0,Finished,71,7
2024,20,Mexico City Grand Prix,Autódromo Hermanos Rodríguez,2024-10-27,NOR,Lando Norris,McLaren,3,2,18.0,Finished,71,4
2024,20,Mexico City Grand Prix,Autódromo Hermanos Rodríguez,2024-10-27,LEC,Charles Leclerc,Ferrari,4,3,16.0,Finished,71,1
2024,20,Mexico City Grand Prix,Autódromo Hermanos Rodríguez,2024-10-27,HAM,Lewis Hamilton,Mercedes,6,4,12.0,Finished,71,8
2024,20,Mexico City Grand Prix,Autódromo Hermanos Rodríguez,2024-10-27,RUS,George Russell,Mercedes,5,5,10.0,Finished,71,11
2024,20,Mexico City Grand Prix,Autódromo Hermanos Rodríguez,2024-10-27,VER,Max Verstappen,Red Bull,2,6,8.0,Finished,71,13
2024,20,Mexico City Grand Prix,Autódromo Hermanos Rodríguez,2024-10-27,MAG,Kevin Magnussen,Haas F1 Team,7,7,6.0,Finished,71,9
2024,20,Mexico City Grand Prix,Autódromo Hermanos Rodríguez,2024-10-27,PIA,Oscar Piastri,McLaren,17,8,4.0,Finished,71,5
2024,20,Mexico City Grand Prix,Autódromo Hermanos Rodríguez,2024-10-27,HUL,Nico Hülkenberg,Haas F1 Team,10,9,2.0,Lapped,70,12
2024,20,Mexico City Grand Prix,Autódromo Hermanos Rodríguez,2024-10-27,GAS,Pierre Gasly,Alpine F1 Team,8,10,1.0,Lapped,70,15
2024,20,Mexico City Grand Prix,Autódromo Hermanos Rodríguez,2024-10-27,STR,Lance Stroll,Aston Martin,14,11,0.0,Lapped,70,16
2024,20,Mexico City Grand Prix,Autódromo Hermanos Rodríguez,2024-10-27,COL,Franco Colapinto,Williams,16,12,0.0,Lapped,70,6
2024,20,Mexico City Grand Prix,Autódromo Hermanos Rodríguez,2024-10-27,OCO,Esteban Ocon,Alpine F1 Team,0,13,0.0,Lapped,70,10
2024,20,Mexico City Grand Prix,Autódromo Hermanos Rodríguez,2024-10-27,BOT,Valtteri Bottas,Sauber,15,14,0.0,Lapped,70,14
2024,20,Mexico City Grand Prix,Autódromo Hermanos Rodríguez,2024-10-27,ZHO,Guanyu Zhou,Sauber,19,15,0.0,Lapped,70,17
2024,20,Mexico City Grand Prix,Autódromo Hermanos Rodríguez,2024-10-27,LAW,Liam Lawson,RB F1 Team,12,16,0.0,Lapped,70,3
2024,20,Mexico City Grand Prix,Autódromo Hermanos Rodríguez,2024-10-27,PER,Sergio Pérez,Red Bull,18,17,0.0,Lapped,70,2
2024,20,Mexico City Grand Prix,Autódromo Hermanos Rodríguez,2024-10-27,ALO,Fernando Alonso,Aston Martin,13,18,0.0,Retired,15,18
2024,20,Mexico City Grand Prix,Autódromo Hermanos Rodríguez,2024-10-27,ALB,Alexander Albon,Williams,9,19,0.0,Retired,0,
2024,20,Mexico City Grand Prix,Autódromo Hermanos Rodríguez,2024-10-27,TSU,Yuki Tsunoda,RB F1 Team,11,20,0.0,Retired,0,
2024,21,São Paulo Grand Prix,Autódromo José Carlos Pace,2024-11-03,VER,Max Verstappen,Red Bull,17,1,26.0,Finished,69,1
2024,21,São Paulo Grand Prix,Autódromo José Carlos Pace,2024-11-03,OCO,Esteban Ocon,Alpine F1 Team,4,2,18.0,Finished,69,7
2024,21,São Paulo Grand Prix,Autódromo José Carlos Pace,2024-11-03,GAS,Pierre Gasly,Alpine F1 Team,13,3,15.0,Finished,69,5
2024,21,São Paulo Grand Prix,Autódromo José Carlos Pace,2024-11-03,RUS,George Russell,Mercedes,2,4,12.0,Finished,69,6
2024,21,São Paulo Grand Prix,Autódromo José Carlos Pace,2024-11-03,LEC,Charles Leclerc,Ferrari,6,5,10.0,Finished,69,4
2024,21,São Paulo Grand Prix,Autódromo José Carlos Pace,2024-11-03,NOR,Lando Norris,McLaren,1,6,8.0,Finished,69,2
2024,21,São Paulo Grand Prix,Autódromo José Carlos Pace,2024-11-03,TSU,Yuki Tsunoda,RB F1 Team,3,7,6.0,Finished,69,8
2024,21,São Paulo Grand Prix,Autódromo José Carlos Pace,2024-11-03,PIA,Oscar Piastri,McLaren,8,8,4.0,Finished,69,3
2024,21,São Paulo Grand Prix,Autódromo José Carlos Pace,2024-11-03,LAW,Liam Lawson,RB F1 Team,5,9,2.0,Finished,69,10
2024,21,São Paulo Grand Prix,Autódromo José Carlos Pace,2024-11-03,HAM,Lewis Hamilton,Mercedes,14,10,1.0,Finished,69,9
2024,21,São Paulo Grand Prix,Autódromo José Carlos Pace,2024-11-03,PER,Sergio Pérez,Red Bull,12,11,0.0,Finished,69,11
2024,21,São Paulo Grand Prix,Autódromo José Carlos Pace,2024-11-03,BEA,Oliver Bearman,Haas F1 Team,15,12,0.0,Finished,69,13
2024,21,São Paulo Grand Prix,Autódromo José Carlos Pace,2024-11-03,BOT,Valtteri Bottas,Sauber,11,13,0.0,Finished,69,14
2024,21,São Paulo Grand Prix,Autódromo José Carlos Pace,2024-11-03,ALO,Fernando Alonso,Aston Martin,9,14,0.0,Finished,69,12
2024,21,São Paulo Grand Prix,Autódromo José Carlos Pace,2024-11-03,ZHO,Guanyu Zhou,Sauber,19,15,0.0,Finished,69,15
2024,21,São Paulo Grand Prix,Autódromo José Carlos Pace,2024-11-03,SAI,Carlos Sainz,Ferrari,20,16,0.0,Retired,38,16
2024,21,São Paulo Grand Prix,Autódromo José Carlos Pace,2024-11-03,COL,Franco Colapinto,Williams,16,17,0.0,Retired,30,17
2024,21,São Paulo Grand Prix,Autódromo José Carlos Pace,2024-11-03,ALB,Alexander Albon,Williams,7,18,0.0,Did not start,0,
2024,21,São Paulo Grand Prix,Autódromo José Carlos Pace,2024-11-03,STR,Lance Stroll,Aston Martin,10,19,0.0,Did not start,0,
2024,21,São Paulo Grand Prix,Autódromo José Carlos Pace,2024-11-03,HUL,Nico Hülkenberg,Haas F1 Team,18,20,0.0,Disqualified,0,
2024,22,Las Vegas Grand Prix,Las Vegas Strip Street Circuit,2024-11-23,RUS,George Russell,Mercedes,1,1,25.0,Finished,50,4
2024,22,Las Vegas Grand Prix,Las Vegas Strip Street Circuit,2024-11-23,HAM,Lewis Hamilton,Mercedes,10,2,18.0,Finished,50,2
2024,22,Las Vegas Grand Prix,Las Vegas Strip Street Circuit,2024-11-23,SAI,Carlos Sainz,Ferrari,2,3,15.0,Finished,50,5
2024,22,Las Vegas Grand Prix,Las Vegas Strip Street Circuit,2024-11-23,LEC,Charles Leclerc,Ferrari,4,4,12.0,Finished,50,3
2024,22,Las Vegas Grand Prix,Las Vegas Strip Street Circuit,2024-11-23,VER,Max Verstappen,Red Bull,5,5,10.0,Finished,50,6
2024,22,Las Vegas Grand Prix,Las Vegas Strip Street Circuit,2024-11-23,NOR,Lando Norris,McLaren,6,6,9.0,Finished,50,1
2024,22,Las Vegas Grand Prix,Las Vegas Strip Street Circuit,2024-11-23,PIA,Oscar Piastri,McLaren,8,7,6.0,Finished,50,13
2024,22,Las Vegas Grand Prix,Las Vegas Strip Street Circuit,2024-11-23,HUL,Nico Hülkenberg,Haas F1 Team,9,8,4.0,Finished,50,12
2024,22,Las Vegas Grand Prix,Las Vegas Strip Street Circuit,2024-11-23,TSU,Yuki Tsunoda,RB F1 Team,7,9,2.0,Finished,50,16
2024,22,Las Vegas Grand Prix,Las Vegas Strip Street Circuit,2024-11-23,PER,Sergio Pérez,Red Bull,15,10,1.0,Finished,50,8
2024,22,Las Vegas Grand Prix,Las Vegas Strip Street Circuit,2024-11-23,ALO,Fernando Alonso,Aston Martin,16,11,0.0,Finished,50,10
2024,22,Las Vegas Grand Prix,Las Vegas Strip Street Circuit,2024-11-23,MAG,Kevin Magnussen,Haas F1 Team,12,12,0.0,Finished,50,11
2024,22,Las Vegas Grand Prix,Las Vegas Strip Street Circuit,2024-11-23,ZHO,Guanyu Zhou,Sauber,13,13,0.0,Finished,50,7
2024,22,Las Vegas Grand Prix,Las Vegas Strip Street Circuit,2024-11-23,COL,Franco Colapinto,Williams,20,14,0.0,Finished,50,15
2024,22,Las Vegas Grand Prix,Las Vegas Strip Street Circuit,2024-11-23,STR,Lance Stroll,Aston Martin,18,15,0.0,Finished,50,18
2024,22,Las Vegas Grand Prix,Las Vegas Strip Street Circuit,2024-11-23,LAW,Liam Lawson,RB F1 Team,14,16,0.0,Finished,50,17
2024,22,Las Vegas Grand Prix,Las Vegas Strip Street Circuit,2024-11-23,OCO,Esteban Ocon,Alpine F1 Team,11,17,0.0,Lapped,49,9
2024,22,Las Vegas Grand Prix,Las Vegas Strip Street Circuit,2024-11-23,BOT,Valtteri Bottas,Sauber,19,18,0.0,Lapped,49,14
2024,22,Las Vegas Grand Prix,Las Vegas Strip Street Circuit,2024-11-23,ALB,Alexander Albon,Williams,17,19,0.0,Retired,25,19
2024,22,Las Vegas Grand Prix,Las Vegas Strip Street Circuit,2024-11-23,GAS,Pierre Gasly,Alpine F1 Team,3,20,0.0,Retired,15,20
2024,23,Qatar Grand Prix,Losail International Circuit,2024-12-01,VER,Max Verstappen,Red Bull,2,1,25.0,Finished,57,2
2024,23,Qatar Grand Prix,Losail International Circuit,2024-12-01,LEC,Charles Leclerc,Ferrari,5,2,18.0,Finished,57,4
2024,23,Qatar Grand Prix,Losail International Circuit,2024-12-01,PIA,Oscar Piastri,McLaren,4,3,15.0,Finished,57,3
2024,23,Qatar Grand Prix,Losail International Circuit,2024-12-01,RUS,George Russell,Mercedes,1,4,12.0,Finished,57,5
2024,23,Qatar Grand Prix,Losail International Circuit,2024-12-01,GAS,Pierre Gasly,Alpine F1 Team,11,5,10.0,Finished,57,8
2024,23,Qatar Grand Prix,Losail International Circuit,2024-12-01,SAI,Carlos Sainz,Ferrari,7,6,8.0,Finished,57,6
2024,23,Qatar Grand Prix,Losail International Circuit,2024-12-01,ALO,Fernando Alonso,Aston Martin,8,7,6.0,Finished,57,7
2024,23,Qatar Grand Prix,Losail International Circuit,2024-12-01,ZHO,Guanyu Zhou,Sauber,12,8,4.0,Finished,57,10
2024,23,Qatar Grand Prix,Losail International Circuit,2024-12-01,MAG,Kevin Magnussen,Haas F1 Team,10,9,2.0,Finished,57,11
2024,23,Qatar Grand Prix,Losail International Circuit,2024-12-01,NOR,Lando Norris,McLaren,3,10,2.0,Finished,57,1
2024,23,Qatar Grand Prix,Losail International Circuit,2024-12-01,BOT,Valtteri Bottas,Sauber,13,11,0.0,Finished,57,13
2024,23,Qatar Grand Prix,Losail International Circuit,2024-12-01,HAM,Lewis Hamilton,Mercedes,6,12,0.0,Finished,57,9
2024,23,Qatar Grand Prix,Losail International Circuit,2024-12-01,TSU,Yuki Tsunoda,RB F1 Team,14,13,0.0,Finished,57,17
2024,23,Qatar Grand Prix,Losail International Circuit,2024-12-01,LAW,Liam Lawson,RB F1 Team,17,14,0.0,Finished,57,16
2024,23,Qatar Grand Prix,Losail International Circuit,2024-12-01,ALB,Alexander Albon,Williams,16,15,0.0,Lapped,56,14
2024,23,Qatar Grand Prix,Losail International Circuit,2024-12-01,HUL,Nico Hülkenberg,Haas F1 Team,18,16,0.0,Retired,39,15
2024,23,Qatar Grand Prix,Losail International Circuit,2024-12-01,PER,Sergio Pérez,Red Bull,9,17,0.0,Retired,38,12
2024,23,Qatar Grand Prix,Losail International Circuit,2024-12-01,STR,Lance Stroll,Aston Martin,15,18,0.0,Retired,8,18
2024,23,Qatar Grand Prix,Losail International Circuit,2024-12-01,COL,Franco Colapinto,Williams,19,19,0.0,Retired,0,
2024,23,Qatar Grand Prix,Losail International Circuit,2024-12-01,OCO,Esteban Ocon,Alpine F1 Team,20,20,0.0,Retired,0,
2024,24,Abu Dhabi Grand Prix,Yas Marina Circuit,2024-12-08,NOR,Lando Norris,McLaren,1,1,25.0,Finished,58,3
2024,24,Abu Dhabi Grand Prix,Yas Marina Circuit,2024-12-08,SAI,Carlos Sainz,Ferrari,3,2,18.0,Finished,58,5
2024,24,Abu Dhabi Grand Prix,Yas Marina Circuit,2024-12-08,LEC,Charles Leclerc,Ferrari,19,3,15.0,Finished,58,9
2024,24,Abu Dhabi Grand Prix,Yas Marina Circuit,2024-12-08,HAM,Lewis Hamilton,Mercedes,16,4,12.0,Finished,58,2
2024,24,Abu Dhabi Grand Prix,Yas Marina Circuit,2024-12-08,RUS,George Russell,Mercedes,6,5,10.0,Finished,58,10
2024,24,Abu Dhabi Grand Prix,Yas Marina Circuit,2024-12-08,VER,Max Verstappen,Red Bull,4,6,8.0,Finished,58,6
2024,24,Abu Dhabi Grand Prix,Yas Marina Circuit,2024-12-08,GAS,Pierre Gasly,Alpine F1 Team,5,7,6.0,Finished,58,16
2024,24,Abu Dhabi Grand Prix,Yas Marina Circuit,2024-12-08,HUL,Nico Hülkenberg,Haas F1 Team,7,8,4.0,Finished,58,14
2024,24,Abu Dhabi Grand Prix,Yas Marina Circuit,2024-12-08,ALO,Fernando Alonso,Aston Martin,8,9,2.0,Finished,58,7
2024,24,Abu Dhabi Grand Prix,Yas Marina Circuit,2024-12-08,PIA,Oscar Piastri,McLaren,2,10,1.0,Finished,58,4
2024,24,Abu Dhabi Grand Prix,Yas Marina Circuit,2024-12-08,ALB,Alexander Albon,Williams,18,11,0.0,Lapped,57,18
2024,24,Abu Dhabi Grand Prix,Yas Marina Circuit,2024-12-08,TSU,Yuki Tsunoda,RB F1 Team,11,12,0.0,Lapped,57,15
2024,24,Abu Dhabi Grand Prix,Yas Marina Circuit,2024-12-08,ZHO,Guanyu Zhou,Sauber,15,13,0.0,Lapped,57,8
2024,24,Abu Dhabi Grand Prix,Yas Marina Circuit,2024-12-08,STR,Lance Stroll,Aston Martin,13,14,0.0,Lapped,57,11
2024,24,Abu Dhabi Grand Prix,Yas Marina Circuit,2024-12-08,DOO,Jack Doohan,Alpine F1 Team,17,15,0.0,Lapped,57,13
2024,24,Abu Dhabi Grand Prix,Yas Marina Circuit,2024-12-08,MAG,Kevin Magnussen,Haas F1 Team,14,16,0.0,Lapped,57,1
2024,24,Abu Dhabi Grand Prix,Yas Marina Circuit,2024-12-08,LAW,Liam Lawson,RB F1 Team,12,17,0.0,Retired,55,12
2024,24,Abu Dhabi Grand Prix,Yas Marina Circuit,2024-12-08,BOT,Valtteri Bottas,Sauber,9,18,0.0,Retired,30,19
2024,24,Abu Dhabi Grand Prix,Yas Marina Circuit,2024-12-08,COL,Franco Colapinto,Williams,20,19,0.0,Retired,26,17
2024,24,Abu Dhabi Grand Prix,Yas Marina Circuit,2024-12-08,PER,Sergio Pérez,Red Bull,10,20,0.0,Retired,0,
